age,income,job,target
44.96714153011233,70990.33154879004,engineer,1
38.61735698828815,,doctor,0
46.47688538100692,50894.45554880261,engineer,0
55.23029856408026,,doctor,0
37.658466252766644,,doctor,1
37.6586304305082,55902.28078132625,artist,1
,63427.89830041598,doctor,0
47.67434729152909,59527.57702522954,engineer,0
35.30525614065048,65743.29072979002,artist,1
45.42560043585965,41971.47182659148,teacher,1
35.365823071875376,,teacher,1
35.34270246429743,52963.994070386,artist,1
42.41962271566034,81128.91308937898,engineer,1
,39662.18272865648,teacher,1
22.750821674869673,76039.45704747873,teacher,1
34.37712470759027,52968.66175193972,doctor,1
29.87168879665576,40228.72994578327,doctor,0
43.142473325952736,42741.71248918518,engineer,0
30.91975924478789,45194.7903770852,artist,0
25.876962986647086,56362.48919602875,engineer,0
54.65648768921554,57842.5323205325,artist,0
37.74223699513465,41394.49994092131,teacher,0
,,,1
25.752518137865433,82134.05537917795,engineer,1
34.556172754748175,75913.14755151067,engineer,0
41.10922589709866,56544.85504511048,artist,0
28.490064225776973,50570.05217252301,artist,1
43.75698018345672,51800.46990077392,engineer,1
33.99361310081195,59202.769590956246,,1
37.083062502067236,34658.111522023915,engineer,0
,46139.35193864982,engineer,1
58.522781845089376,24971.238891836158,,0
,55988.34683907919,teacher,0
29.422890710440996,59707.939095541115,,1
,42752.20306550939,doctor,1
27.791563500289776,73609.80144935049,doctor,0
,31613.515054964882,artist,1
20.403298761202244,28034.376796852695,engineer,1
26.718139511015693,53366.77727839958,doctor,0
41.96861235869123,,doctor,1
47.38466579995411,75258.91537186803,artist,0
41.7136828118997,43116.7360569659,doctor,0
38.843517176117594,,engineer,1
36.98896304410711,49422.372957489395,artist,0
25.214780096325725,47410.59050088771,engineer,0
32.801557916052914,,doctor,1
35.393612290402125,59784.84317620129,doctor,1
50.57122226218915,26354.11764523626,engineer,1
,,teacher,0
22.36959844637266,70701.37031221177,,0
,,teacher,1
,55937.05300156114,doctor,0
33.23077999694041,57410.45279424108,teacher,1
46.11676288840868,53910.10648735861,teacher,1
,,teacher,0
49.31280119116199,39925.64948092923,engineer,1
31.607824767773614,49616.688935128324,teacher,0
36.907876241487855,67590.93528889047,teacher,0
,58154.002318916486,teacher,1
49.75545127122359,44440.78501870841,,0
35.2082576215471,61575.48065972517,,1
,7271.8606905488705,doctor,0
28.936650259939718,67231.48550558156,teacher,0
28.037933759193294,23904.293318328506,teacher,0
48.125258223941984,44563.38587895302,,1
53.56240028570823,33204.95158060784,doctor,0
,30579.777864186413,teacher,1
50.03532897892024,67412.4018106778,doctor,0
43.61636025047634,42984.48198032163,doctor,0
33.54880245394876,55197.55822596073,artist,1
43.61395605508414,49296.19131681224,engineer,1
55.38036566465969,57155.612408346824,engineer,1
39.64173960890049,51152.32836590383,,1
55.64643655814006,30755.116637171457,artist,1
13.802548959102555,64944.002291707104,artist,0
48.21902504375224,42593.65125258031,engineer,0
40.870470682381715,,artist,1
37.009926495341325,43578.27258551131,artist,0
40.91760776535502,72511.39685951466,artist,0
20.124310853991073,62753.32613170239,engineer,0
37.80328112162488,44770.21798388211,engineer,1
43.57112571511746,44761.13443522357,engineer,0
54.77894044741516,45175.47423173926,,0
34.81729781726352,,engineer,0
31.915063971068122,55729.0317834733,artist,1
,,teacher,0
49.15402117702074,65454.25181047763,artist,0
43.287511096596845,53581.8373853977,doctor,1
34.70239796232961,46114.36781268945,engineer,1
45.13267433113356,47054.75226372533,engineer,0
40.9707754934804,,doctor,0
,49441.66645235238,artist,1
32.979469061226474,60914.4431545547,teacher,1
36.723378534022316,50779.18828710949,doctor,1
36.078918468678424,60989.60115823369,doctor,1
25.364850518678814,,artist,1
,51179.52785474136,engineer,1
42.610552721798896,20026.989732018385,artist,1
40.05113456642461,63744.91512053722,doctor,0
37.65412866624853,55197.32713846989,doctor,1
25.84629257949586,64970.15164789478,engineer,1
,,engineer,0
36.572854834732304,,engineer,1
31.97722730778381,47906.15557767239,,1
38.387142883339905,66622.74225106275,engineer,0
44.040508568145384,34401.411093117036,doctor,1
58.8618590121053,,doctor,0
41.74577812831839,34198.76655239516,teacher,0
42.57550390722764,40643.465589562926,artist,0
39.25554084233833,78710.4703080018,teacher,0
20.812287847009586,47139.7639885498,doctor,1
39.73486124550783,53261.49309769584,teacher,0
40.60230209941027,63051.015960331315,doctor,0
,57435.22831958907,teacher,1
38.076390352188774,52256.28357715365,,0
43.015473423336125,55474.41503699338,teacher,0
,86051.23377857413,engineer,0
28.313219623804677,49135.71804449622,engineer,0
51.42822814515021,53016.485700724515,artist,1
47.519330326867745,,engineer,0
47.910319470430466,,engineer,1
30.90612545205261,67805.4545834057,teacher,1
54.02794310936099,59580.95333043777,doctor,0
25.981489372077192,,artist,0
45.868570938002705,74501.47298451644,engineer,0
61.90455625809979,32804.81910471968,artist,0
30.094636748693116,54539.531978585495,teacher,1
34.33702270397228,38685.86224970963,engineer,1
40.99651365087641,49037.92480110511,teacher,1
34.96524345883801,54931.436154552204,artist,0
,,,1
40.68562974806027,56328.81131352927,artist,0
,,teacher,0
,56803.014522709695,artist,0
30.80575765766197,46337.65047064027,doctor,0
55.499344050175395,64461.307524325355,teacher,0
32.16746707663763,67842.05733386961,,1
36.77938483794324,,doctor,1
48.135172173696695,,doctor,0
27.69135683566045,,teacher,1
42.27459934604129,45536.54744960012,doctor,0
53.07142754282428,70635.6021996743,engineer,0
23.925167654387725,47749.1661945121,artist,0
41.84633858532304,51883.64680207313,artist,1
42.598827942484235,,artist,0
47.8182287177731,50233.685713722014,engineer,0
27.63049289121918,33555.87369657197,doctor,1
26.795433869157236,28399.236761085584,doctor,1
45.21941565616898,,teacher,1
42.96984673233186,,doctor,0
42.504928503458764,35129.114758155396,teacher,0
43.46448209496975,17699.148295944276,engineer,1
,40415.57378465746,artist,0
,30153.653098887524,artist,1
42.93072473298681,74630.22740204554,artist,1
32.85648581973632,65147.25634013952,doctor,0
,39677.74482233414,teacher,0
,83786.53708016463,teacher,1
28.086965027973513,,engineer,1
46.5655360863383,,doctor,1
30.253183297726785,12508.914276896401,engineer,1
47.87084603742452,84364.13858886113,teacher,0
51.58595579007404,,,1
31.793176816482895,25319.01879564662,artist,1
49.63376129244322,65338.5564801446,doctor,1
44.12780926936498,86596.28609508909,teacher,0
,,artist,0
58.967929826539475,58458.636800785396,doctor,1
,58921.315124979286,engineer,0
32.4626383564251,,doctor,0
31.104855703744768,61383.92884680148,doctor,0
,54217.87135954064,teacher,1
39.228982905858956,51563.01655927814,teacher,1
43.41151974816644,49061.103081507164,,0
42.766907993300194,38690.531166999855,teacher,1
48.27183249036024,45789.87384699839,teacher,1
40.13001891877907,24605.647787069218,teacher,0
54.53534077157317,48524.90559807875,artist,0
37.35343166762044,35171.133392736236,artist,1
67.20169166589619,,doctor,0
46.25667347765006,52698.41226730218,teacher,1
31.428424435837172,70880.034295169,artist,1
29.291075019388877,63774.7490900347,doctor,0
44.824724152431855,26442.490945652346,teacher,1
37.76537214674149,35155.57795144494,engineer,1
47.14000494092092,64111.567819823234,teacher,0
44.73237624573545,35262.68909692536,teacher,0
39.271710873431275,46630.50275004463,artist,0
31.53206281931595,58250.78148536828,doctor,1
24.851527753141355,35474.83317704547,doctor,0
35.53485047932979,51580.6325921894,artist,0
48.56398794323472,29989.617576226934,teacher,0
42.14093744130204,40979.48534073179,engineer,0
27.54261221288012,,teacher,1
41.73180925851182,26105.09399702496,,1
,56607.121069405985,engineer,0
31.16142563798867,49705.433016099785,artist,1
,58287.34931625721,doctor,0
40.58208718446,53358.712010969924,artist,0
,70462.10644960766,artist,1
43.577873603482836,51878.36753971861,teacher,1
45.60784526368234,,doctor,0
50.830512431752766,51834.46254548425,doctor,0
,,artist,1
,,engineer,0
30.621749600848773,50608.87536805824,artist,1
45.1503526720866,39470.12468289867,engineer,0
45.13785950912209,40056.48623673578,doctor,0
45.150476863060476,28960.920923004596,artist,1
78.52731490654722,76243.65114780409,teacher,1
45.70890510693167,,artist,1
51.35565640180599,39606.42203306139,doctor,1
49.54001763493203,,teacher,1
46.51391251305798,63423.86565416662,teacher,1
36.84730755359654,45575.75482561958,engineer,1
,68716.131090106,teacher,0
32.27174785462428,39897.640636341974,teacher,0
37.63181393259991,,artist,0
,37469.794201103636,doctor,1
40.81874139386323,82177.23691660083,engineer,1
63.146585666735085,32186.02371455731,artist,1
,54647.31065340541,,0
,,teacher,1
23.872841288103483,56206.986461772474,,1
35.280681342105666,47220.68511683438,,0
50.889505969673664,48052.689503998605,engineer,1
40.64280019095463,50657.17207968664,artist,0
29.222552220706937,47794.96997557267,engineer,0
32.84696290740032,64458.18675192365,teacher,1
46.79597748934676,83157.84502387026,artist,1
32.69633368282864,41637.623224882496,teacher,1
42.16458589581975,29452.955306313834,doctor,0
40.45571839903814,48675.76927473118,teacher,0
33.483996523941826,,,0
,,engineer,1
46.33919022318011,74586.75208166102,teacher,1
19.74857413342393,75165.51221114662,artist,1
41.86454314769428,,artist,1
33.38213535231612,,doctor,0
,,,0
32.07479261567299,44313.08388518769,,0
38.85263558533101,,doctor,0
45.049872789804574,41274.786290770346,,1
48.657551941701215,34778.649039607,,1
27.997035929442237,40260.83682400989,,1
36.654987641590516,31640.895998566153,artist,0
35.25054688839044,50511.25202388839,teacher,0
33.46670767426288,38450.40153412038,artist,1
57.65454240281097,53506.788676861215,artist,1
44.049817109609556,26661.56530694559,engineer,0
27.391160456649548,54963.20348321686,engineer,1
49.17861947054776,,teacher,0
61.22156197012633,20093.96536142817,artist,0
50.32465260551147,,teacher,0
24.806300340459867,68415.03488709938,artist,1
35.15765927133749,31855.38471963192,doctor,1
52.669111491866225,75088.58580256555,doctor,0
32.92330534381219,,teacher,1
,39424.82216362387,teacher,0
47.74634053429337,49163.46383513441,teacher,0
,58374.903687825834,engineer,0
39.404746439382,51140.080871186176,engineer,0
7.587326599309272,58081.33988669554,,1
,36189.89610380951,teacher,0
37.4743184860684,52540.41236054117,artist,0
27.522168180351507,28794.282546425296,doctor,1
56.32411303931635,48331.60907976949,teacher,0
25.698586220393672,36441.38537802815,engineer,0
35.599555133030165,38967.050861153504,engineer,1
41.30740577286091,68541.39762815656,teacher,1
54.412732890661154,66369.65180891403,teacher,1
25.641378488205607,59137.071813607654,engineer,0
51.63163752154959,33615.308529911315,artist,1
,45253.87325457797,engineer,1
30.18491348952049,68196.46549968775,engineer,0
44.62103474263271,52125.753704598574,teacher,0
,,artist,0
33.99783122841205,55899.76759091558,engineer,0
40.69802084990019,,engineer,0
,45363.25303696248,doctor,1
41.13517345251248,52003.11357173423,teacher,1
46.62130674521047,47712.952454291844,doctor,1
55.86016816145352,60621.630150328856,doctor,0
27.62184501173151,64350.53475191876,engineer,0
61.330333746562665,38210.158092380756,teacher,0
20.479122004774982,,artist,1
38.482149049644164,22456.919403450553,engineer,1
45.883172064845766,57619.86990368816,artist,0
42.809918677350325,33449.50090739189,artist,1
33.77300480179406,17706.64110571276,teacher,0
37.918777496427246,55828.67906796446,,1
35.06999065341167,87394.99276149186,teacher,1
34.106352430557884,,artist,1
48.496020970210246,62577.36161677463,engineer,0
43.57015485965047,51227.440378213476,artist,1
33.070904047393455,48516.65520213286,engineer,1
48.995998754332504,63786.14724481653,engineer,0
43.072995208766095,45645.88183717023,teacher,1
48.1286211883896,54010.88471107854,artist,0
46.29628841923612,,doctor,0
,,artist,0
34.39818959803031,,artist,0
47.472936051232615,47375.60364956887,doctor,0
46.10370265433465,38663.82260760733,teacher,1
,58047.64765355605,artist,0
,36522.98027313444,artist,0
,50422.717360536924,engineer,0
34.0842861116417,49863.21505033695,artist,0
,66288.43348747367,doctor,1
37.97807347566106,57120.47349319929,engineer,0
37.8231879677278,,teacher,1
,62266.494488004304,engineer,0
48.2541634898803,70853.1132352597,doctor,1
48.135096360006386,58367.154595277934,,0
53.05478807154329,50155.28929765071,engineer,0
40.21003841632759,30322.456514747606,teacher,1
46.81952971294964,34023.29505386941,,0
36.89733243406544,45421.629434679984,,1
43.24166352488442,40857.31696761075,,0
38.698569456323156,47195.43045521831,doctor,1
40.96995964992718,50849.74887345661,artist,0
45.95157025436914,57945.391315350964,artist,0
31.817793167665275,48942.518329113635,teacher,1
,57297.52465739303,teacher,0
29.93982618500298,50967.1162221518,teacher,0
27.85811387212268,20368.00150469193,doctor,0
51.581108735000676,35909.96909271869,engineer,0
47.91662693962936,47838.686664175766,,0
46.24119817052155,31854.578857383385,artist,0
,58998.93094994307,teacher,1
39.87753227153085,72961.26248515546,engineer,1
31.027456285141685,,artist,1
40.75804558193726,46798.35693604688,artist,0
33.22838288487888,72360.89205274929,artist,1
49.75119733417751,52230.01185803167,doctor,0
38.52942618497861,,teacher,0
31.745028032074885,40798.960046885906,artist,0
36.78614158347007,45462.95470267808,teacher,0
,44177.34772188157,doctor,1
34.36275447196025,52556.243335632316,artist,0
31.777796044335687,52408.60971574797,doctor,1
42.436872114919126,50045.69030230122,doctor,0
42.44966571108723,56554.072546195246,teacher,1
34.9305682462887,67859.69412179512,artist,1
35.289616943816775,64243.312031619855,,1
42.32049937357636,,,1
25.519156585026757,11691.182976470678,teacher,1
25.925362256234447,64014.79866858911,doctor,1
32.81555778747564,29496.819523768685,,0
37.86552848288153,,artist,1
43.10907565598005,,,0
,22970.293436299704,teacher,1
48.576596232020194,,engineer,0
38.40061470036573,61387.327404539705,doctor,1
39.80983792097311,41352.34398909921,artist,1
,,artist,0
39.8148686400761,41806.33327621276,doctor,1
37.11341361079862,55877.060081038195,teacher,1
43.227185603380896,27816.32646838807,,1
31.72769056447677,52750.39879668733,teacher,0
,49770.35226240507,engineer,1
,,engineer,0
38.91239851543143,51793.705526212296,artist,1
44.01711722098941,35403.96588677667,teacher,1
46.90143991711113,67948.57252496737,doctor,0
35.987795281141636,47622.05640459545,artist,1
42.24092481810417,49590.43190735102,doctor,1
40.12592400781795,36000.98061390206,artist,0
40.97676098548832,43350.766232127346,engineer,1
32.26990216144534,36727.95928959649,,0
40.245101742589426,,engineer,0
44.979982912454496,75675.62720213515,artist,0
54.51143607795042,29421.482856029656,teacher,1
49.59270826085207,25796.579031848883,doctor,0
61.531824575115564,72067.55491240413,teacher,0
32.326524371119504,46860.14484272201,artist,1
48.723206367206785,39963.908920101254,artist,0
41.83342005738352,65598.57031094114,artist,1
61.89802933217672,40915.766903947035,engineer,1
,77390.14570320403,doctor,1
31.60278157819224,60168.88807008904,doctor,1
34.00607354555978,42681.32887781446,artist,0
18.76104275690193,82359.62319898256,artist,0
34.74244978319239,40914.27615494993,engineer,0
32.40867338446302,61131.430580139604,teacher,0
41.50393786476208,,teacher,0
43.41755975777159,69526.11934098197,doctor,1
58.761708392158866,73422.66795090279,,0
49.5042383818605,50480.0622359865,,0
34.23096344337597,38698.73194480725,doctor,0
31.01585328651642,56899.582144086744,engineer,1
44.919191715065054,,teacher,1
26.797667929793576,80200.80871289935,engineer,0
58.31458765854354,,teacher,1
51.79440120721287,,,0
35.30824347895295,52770.204587973625,doctor,0
,,teacher,1
53.538723741654124,35425.789422340225,doctor,1
38.85460154747382,68006.20861916638,doctor,0
,40146.58581542906,teacher,0
24.05572341205633,34296.3352597709,teacher,1
34.00624977046227,58049.79128790929,artist,0
,,artist,1
40.46980593764742,,artist,0
35.49934528520756,64940.715287087245,doctor,1
46.228499323474985,,doctor,0
29.323795706174057,,artist,0
,72520.0047793323,doctor,1
41.20295631711899,45159.802417367966,doctor,0
,46237.50475317429,teacher,0
47.1161487808889,69922.91212773586,teacher,1
28.753579081621307,58343.4501410099,doctor,0
24.658858292643778,56838.31658122411,artist,0
,82475.03517351625,engineer,0
43.323140119795916,,artist,1
32.51513463443446,63917.60192121856,engineer,1
55.51151975522523,50855.19687345627,artist,1
,,teacher,0
51.792971840638266,72927.02639618798,doctor,0
40.67518481410109,57617.53634434436,doctor,0
,58074.441185744494,teacher,0
57.55340842443204,66087.61005964704,engineer,1
37.51035851520926,44525.70905685672,,0
49.71570950954356,37411.85498991491,,0
46.45375949585147,34327.862089684495,teacher,0
53.68631557532349,20504.65115935997,engineer,1
30.350765394198955,80843.10694910484,teacher,0
46.86051459998439,33451.87451417475,artist,0
50.58424486849588,46681.19564621342,artist,0
22.412605135768857,45847.80050166619,teacher,0
,54611.10046713651,doctor,0
19.607678222398995,62236.05818808945,artist,1
37.305931655554424,62907.10232539618,engineer,0
47.17542255795962,41253.83842146592,teacher,0
,47493.174293203825,engineer,0
40.74094780419775,54238.69925732449,engineer,0
56.286155455712915,,doctor,0
26.198985417851084,,engineer,0
22.966175606448452,57364.62427457377,doctor,0
39.44452301103381,61023.16679074726,artist,0
,59943.21903001119,teacher,0
,67602.10786227987,engineer,0
19.325578999601234,52715.3233805556,teacher,1
39.10879960487212,30547.5207806623,engineer,1
26.95530499495147,55995.31927628962,teacher,1
46.69672548830039,40229.64659312257,engineer,1
43.66598246096848,42070.74977375365,engineer,0
30.60120213672645,58795.4602813264,,1
34.861330826633065,68574.24607150453,engineer,1
29.407864781110483,50319.073651040926,engineer,0
39.37320902726828,54632.49518898446,,1
49.551423205012384,75533.22416952858,engineer,1
30.142739536644562,53611.297692328524,engineer,0
45.040465155178445,,engineer,0
34.69742381627559,58482.64468447316,teacher,0
32.07127167737656,,,1
38.929696400454425,61300.12431656799,engineer,1
29.647576775806257,55717.37577324166,doctor,0
34.46350694652818,,engineer,0
28.021221074111516,,engineer,1
59.64725132916389,47923.16024024339,teacher,0
40.35263551971729,31635.526455659514,artist,1
33.00274492007414,46864.65114070962,artist,0
42.13979910734222,,teacher,0
38.8767195030917,41292.14825292916,doctor,1
37.79030400466777,58828.67606630914,artist,0
46.14166700043425,75048.56756527109,,0
47.57507710047305,55920.07294734471,teacher,0
34.69498852389472,,artist,1
34.2418175935532,56669.040023302114,,0
37.24948302848356,67949.47229968477,,0
16.98078835264415,40853.25643520927,engineer,0
24.84808937801448,47989.742499906235,doctor,0
53.66874267444525,,doctor,0
56.449677135012834,,artist,0
37.50963960443622,59724.20650765789,,1
,,engineer,1
43.112501545435364,56292.98665860542,teacher,0
70.78880808455239,36687.6173329685,artist,1
51.195749114345766,43438.125495148844,artist,1
38.72082408519233,60835.72036741657,doctor,0
30.444595593995743,44407.502718623495,artist,1
23.935536797424277,75904.45776850107,artist,1
,,artist,1
32.436492547156966,53370.27088627829,artist,1
25.77746290402326,63988.86247809635,doctor,1
33.534271157574736,28724.514006004523,engineer,1
29.18451996385605,23587.86782028836,engineer,1
56.871416350725646,27115.15528144858,teacher,1
48.816397569494505,68938.76155140773,artist,0
39.92027358683383,41722.127811613296,doctor,0
54.79944138890026,88372.98928502378,teacher,1
40.77368307647618,41536.286020139174,,1
31.387157986717362,52768.269547955555,,0
55.23124077269657,73131.64928851814,doctor,1
45.38910043684659,80091.39332238684,doctor,1
29.627538456735437,,,0
38.09661321916392,68125.49345889714,engineer,0
31.24381746615243,65360.93788717194,engineer,0
26.17200269035664,58887.90423801775,engineer,1
49.26177547531641,,,1
59.094166404701305,41732.214255072,engineer,0
26.01432426180859,37727.016748665395,artist,0
45.62969236690571,49949.38313883572,artist,1
,47447.23066212607,,0
35.12874616235304,43201.579260090875,teacher,1
34.07606075761131,60445.81171185073,doctor,1
,64329.57812855766,,0
40.48521627944827,51326.10329437771,engineer,0
31.69049883588962,72162.95121582893,teacher,1
42.704568257798385,32874.66328799742,doctor,0
39.49761890550863,47095.10811080423,doctor,0
,39247.66519095792,teacher,0
30.924363379584022,22001.9507439041,artist,0
34.23228669431667,,engineer,1
47.55391225825756,48173.78737425074,engineer,1
,72701.74614863197,doctor,1
,59462.17526832166,artist,1
,34637.19763506192,teacher,0
47.51387123371789,77811.38849501283,engineer,0
,68315.5054328803,artist,1
45.43360192379935,58731.465552029236,engineer,1
33.37376241054153,46602.738517252525,artist,0
,35608.4114491478,artist,1
32.367408434574834,44416.8983589342,doctor,1
21.95117899335481,66331.22929556279,engineer,0
23.724575621168373,,teacher,1
40.48084946661382,73148.65292408284,doctor,0
42.59722501721482,42667.258673205884,doctor,0
30.956833748955916,33205.73850066483,teacher,1
,52113.29370366806,doctor,0
23.3847993773104,23473.409516557225,artist,1
39.33920201352684,54847.515712771725,artist,0
27.889838002375434,,engineer,1
,43009.452471976365,engineer,1
40.47398671316414,26079.453990998067,teacher,1
31.395866347160478,57704.00159854575,engineer,0
36.154444557701744,42009.487405071326,artist,0
,32451.24746434568,teacher,1
34.23108130476851,6916.066800775261,teacher,0
48.35692112065142,49587.27642424046,engineer,1
28.70293145342382,76583.77395004616,artist,1
45.298041779152825,,,0
54.415686206579004,43143.55615120592,artist,1
15.283554998727105,,artist,0
32.03104744529523,57031.613841125356,artist,1
,,engineer,0
37.96954613957007,54526.87849729199,doctor,1
43.71145873371309,,doctor,1
33.960148132841795,68403.99835826461,teacher,0
40.865897874729,48497.68885280071,artist,1
38.44322764607921,46944.893747345515,,1
,36830.261198651584,artist,0
42.54420843301213,37596.7946894021,artist,1
43.37602662075202,46602.8166214771,engineer,0
35.881230338775325,,doctor,1
35.123937759275066,63703.76939349874,artist,0
,37952.31573979482,artist,1
43.944521423782966,72390.32853439283,doctor,1
35.79015519179737,,engineer,1
42.89774856896413,49679.490584773455,teacher,0
,38791.82481278265,doctor,0
,13636.396095905875,teacher,0
36.73976467832159,63260.68094541575,teacher,0
52.012139221639444,61052.6584563865,doctor,1
35.91924626978449,,artist,1
19.61875464822146,51004.86075837308,teacher,0
29.91913689082596,57739.08826556149,teacher,0
,,,0
36.48486515958692,42064.209839805575,artist,1
40.184183791895514,61913.970194327405,teacher,0
56.76437312275283,31185.658652461258,engineer,0
43.269273737641626,,artist,1
37.80899471191136,,,1
48.294055811834895,56996.449736502895,doctor,0
17.88864690992115,49465.37776553775,engineer,1
42.356145581085656,25773.022761417356,doctor,0
47.708651938869664,,teacher,1
25.214137542201584,38981.12634802926,artist,0
51.43754043206929,37846.213444784284,teacher,0
43.38496407494414,,teacher,0
,67229.56024143074,,0
46.32781866106285,,teacher,1
62.70692857804396,,doctor,1
41.81866255058495,56432.24750495859,,1
42.48220586300336,,artist,1
35.40639100459756,52646.62332915838,teacher,0
31.501556305352082,44494.58241375016,engineer,0
48.303358165442454,37586.146690269205,doctor,1
31.439161740911327,51292.158245695624,doctor,1
40.715662372193925,33917.9148202159,,1
35.223425532348834,6179.742747580887,,1
44.78979825746392,56548.39706236502,doctor,1
43.33662105286948,,engineer,0
50.375399442578995,14556.01346687242,engineer,0
34.89983601145253,34854.03942935094,teacher,0
37.30125064706629,59287.31391507797,engineer,1
30.212362842176926,80862.43204567548,,1
,50311.905615131116,artist,1
,39079.955881562986,teacher,1
47.56988616645352,47256.553383427396,artist,0
30.778346758223748,,teacher,0
,40310.53731313197,,1
53.55637858804951,38012.119900246194,engineer,0
44.13434903223701,42758.847167269516,artist,0
58.76795812558066,35700.07087611932,teacher,1
32.26210800896427,51840.054739921936,engineer,1
27.55345296688583,74370.17687704341,teacher,1
22.212797510957213,54846.18909674043,engineer,1
54.96044311489183,46214.69746810569,engineer,1
46.54365656354058,45622.83096626684,teacher,1
39.44415329089545,26552.137869550144,artist,0
42.799686263198204,,artist,0
28.745109527016233,48832.44204480797,doctor,1
64.45751979616827,47292.80129614061,engineer,0
,,doctor,1
41.09394794604893,,doctor,1
47.25766623898692,38723.134248572234,teacher,1
,43604.63605691685,teacher,1
42.23884024279131,67226.68563795132,teacher,0
32.09525544554688,51699.056158066465,engineer,1
44.714683571359956,28425.830325239498,teacher,0
58.82024496475034,63788.43401862805,teacher,1
53.454200461549775,39977.83871691509,engineer,1
55.93186626639397,78099.46664326318,engineer,1
34.88784323568815,,artist,0
,43290.17156511873,teacher,1
38.74213079900352,,teacher,1
40.557249122886944,51017.83265791105,teacher,1
50.94191518470949,62791.605126833296,artist,0
23.075353702851807,57270.99225941712,teacher,0
,37304.6501751369,artist,0
,40346.75251523807,doctor,1
,,artist,0
29.878956247398325,44978.37001840189,doctor,1
23.451433281342307,,teacher,0
,35673.16130975971,doctor,0
40.73317967188404,56353.98598390192,artist,1
27.10039100258946,,engineer,0
27.04921227936384,33987.006286185904,doctor,1
36.64215300709872,50363.29185009137,doctor,1
,71183.30833123144,teacher,0
37.40408648636395,48805.37913131427,artist,1
24.96857046881894,56785.57694374601,doctor,1
37.54256935914056,34064.0970777968,doctor,0
37.27276430252329,56424.60645811473,doctor,0
13.031133570584284,47192.83602493177,doctor,1
39.45705133482188,64785.94993519795,,0
37.69065469791322,,artist,1
46.96206364813418,88843.45463027922,teacher,1
,,teacher,0
,,engineer,0
,52915.76452366004,artist,0
28.934740912583298,44702.505607839674,doctor,0
65.7335980324986,55077.25765192536,engineer,1
40.59218434014488,45568.97884791456,artist,1
40.13929291912946,,doctor,0
39.758749128899964,69763.9630341194,engineer,0
41.98084760767855,34901.86152080538,,1
38.556395880760576,67098.17841693568,teacher,1
34.26337993119763,69756.72601009798,teacher,1
34.53141058759608,48228.97209513382,,1
39.672467297840015,18172.17651487108,teacher,0
34.56575228866235,40882.670193583515,artist,1
32.871542173228356,,doctor,1
41.064302276918966,49656.97906551677,artist,0
37.450227825791444,35010.466515576336,doctor,1
55.039929885826886,42428.376181576736,engineer,1
,62609.300397568295,artist,0
50.91506851922462,58201.00352302069,engineer,0
52.46085192497629,46416.01851245458,teacher,0
19.266097675918505,44497.63382277969,,1
36.573124059196516,44123.62776434267,artist,1
36.28559134004209,36163.84723252246,engineer,0
,74230.63534204163,doctor,0
32.22183312409125,45165.192961829904,,1
,68257.37781238244,,0
57.52270443423623,,teacher,0
49.35678393147461,64974.66347221941,doctor,0
52.71555094994159,43525.695309229275,doctor,1
47.21672064043235,56055.95135504914,artist,1
,49637.06590413626,doctor,1
34.75479733720226,36444.47208904808,artist,1
44.89374561227918,,doctor,1
27.778721911080545,,,1
47.12998430172388,67815.19082692346,artist,0
,,engineer,1
36.251791924504026,,teacher,1
47.10959968203491,,artist,0
44.4426331148604,46116.42539443884,artist,1
36.3903383418092,58800.40702212912,,1
51.59329803364248,42876.44515066213,artist,0
29.189366724001026,63069.45946185866,doctor,0
46.15935606944264,29810.304796298773,engineer,0
45.93101257968384,51895.693693196175,teacher,1
36.904535606860094,,teacher,0
,34995.03013091638,doctor,1
27.48886423614697,,,1
49.24027019206901,57708.617744883726,artist,1
38.15097863557011,52693.72672909397,artist,1
34.772769794809605,,doctor,0
50.49009225836889,57337.80695221495,teacher,0
32.95656309457241,59520.82202842655,teacher,1
25.915387036364404,66645.49762934334,doctor,0
24.433708264760963,56147.279853927685,,1
46.06009951345639,,teacher,1
,60088.60551804097,engineer,1
57.54794181984364,,teacher,0
19.18070592116278,48010.493804261394,teacher,1
56.96456368290038,35382.06042994038,teacher,1
42.11017467202618,,teacher,0
39.032868881296075,48194.282540696026,artist,0
34.550809131910505,17409.95680978946,engineer,0
43.991361143520706,,engineer,0
,41970.07721069116,teacher,1
,48642.00076543759,teacher,0
41.142276486620396,54979.70495853522,engineer,1
41.50301761461878,52857.495196685995,artist,0
36.36387787786144,60641.77725708559,doctor,0
39.43054376278933,43467.70444145235,doctor,0
43.07801768892059,,engineer,0
22.898316073433744,46106.79983624124,teacher,0
26.51814577894287,61082.157213312545,teacher,0
47.43264094022715,59230.5122601958,artist,1
41.708654381279416,,doctor,0
38.16016663647321,66289.73174262549,,0
40.184339330653934,41960.54832328928,doctor,0
43.47581705361671,62120.86697421718,engineer,0
34.60240319690639,55509.30970102011,doctor,1
32.216952745976876,77572.75515192683,artist,0
41.958452550976816,46648.01026442222,artist,0
30.21627222384968,44760.24805822704,artist,0
44.082527557144715,49708.70591168401,engineer,0
22.974163957621595,45452.303257485866,doctor,1
50.29155637325644,61999.12852913075,doctor,0
44.72597482413043,25755.34087345118,artist,1
,,doctor,0
49.82690983945514,33982.9561763121,teacher,1
56.65474444462576,64254.61387960364,teacher,1
50.1437006501813,75659.20058872888,teacher,0
21.591257686683548,48433.261721937924,doctor,0
27.204230332642986,47467.67415214984,engineer,1
33.75181422304321,51050.78244669772,engineer,1
40.26091050210834,67428.17453912286,engineer,0
45.17659020469123,36089.70298714139,engineer,1
32.742561868465344,53575.53474102178,teacher,1
,64627.96444673645,teacher,1
,57516.41254909768,artist,0
33.884821970080516,52843.724248981154,doctor,1
25.933389031517777,,doctor,1
30.767667538890958,9451.515605011446,engineer,1
,,teacher,0
30.241267470226674,40188.864753088645,engineer,0
,22540.506547153145,artist,1
,57668.03899287471,doctor,0
66.32382064837391,70604.87817744436,doctor,1
44.93317900880889,,engineer,0
41.84836123694874,64293.118208044085,artist,0
,74184.17386982968,doctor,1
47.003098794089915,69723.7168037607,artist,0
34.24362173762226,74599.46794057089,,0
41.220098146453616,61131.91236607838,engineer,0
65.60084538268795,51131.50458352389,teacher,1
39.0394010027535,25970.512821542474,engineer,0
51.49273326285676,46309.062678050774,teacher,0
32.96823574874112,37351.30107025713,artist,1
39.65011509503038,82564.1407624672,teacher,0
57.7080063563551,47361.712813514954,artist,0
33.730329422122324,51848.072101767284,doctor,0
58.12448557996929,58272.280640607016,doctor,0
47.07751935455475,,doctor,0
34.37533224105732,75425.7656064613,engineer,1
46.32407739055521,,engineer,1
49.7255444962673,52919.11182855864,artist,0
46.21809962217196,38862.94121452927,,0
24.297752801095434,,engineer,0
32.728628241751316,40823.46363642072,,1
37.52481364448495,49444.44804427382,engineer,1
39.25566570899954,43560.4666322411,teacher,0
46.206720975506784,39613.68530189216,teacher,0
41.777010009332535,28905.23804492249,doctor,1
26.64655641289899,48753.41641056958,artist,0
43.801978510059634,27429.194389534965,,1
46.10585745283823,,engineer,1
45.5979044793104,51236.59629401755,teacher,0
50.807807255546216,28136.72750802604,teacher,1
48.33922154548904,45361.863844252046,artist,0
44.59180079228437,38717.65391614125,artist,0
,54787.61765628771,artist,0
23.390390664840087,70106.75669034716,doctor,0
,21872.41295531383,teacher,0
42.076876871631114,51725.39118721126,doctor,0
42.715788371953735,47598.00806650039,teacher,1
27.232514241796906,60070.101146756984,teacher,1
29.189434595917376,,engineer,1
,38720.460023917716,teacher,1
39.60444846143345,45214.19096500073,,0
46.81500697372624,,,1
40.28318376130461,,teacher,1
40.297561394957455,50319.67473007913,doctor,1
,78517.86028629511,artist,0
34.83955271782626,49090.08779278069,teacher,1
40.96120776940983,39373.898496343056,teacher,0
35.377247112949576,27294.28411080759,doctor,1
35.65503772567684,22952.904856160825,artist,0
36.908278765313604,26237.960854917652,engineer,0
42.22133771633713,54006.89976517225,,1
35.212513783365225,57630.87534844901,doctor,0
52.55756125573521,,artist,0
31.053926977804963,63425.57471114173,doctor,1
38.13128355838641,42754.08422474841,doctor,1
35.60268941725825,52201.89517978324,engineer,1
54.46977884353733,,teacher,0
41.965547765115744,,doctor,0
,45972.04028141251,doctor,0
25.14439626963028,36632.11661877069,engineer,1
42.67050265869259,17722.768980060428,doctor,0
48.89630795623437,39212.7002113637,teacher,0
,,engineer,0
50.654803750653514,35192.30709273224,teacher,0
34.82711549899628,48031.145493615426,,0
,51152.77824438152,engineer,0
62.9889812361925,46627.16027287882,doctor,0
36.37161439560341,40249.961287648104,teacher,1
35.54497478599228,,teacher,1
,,teacher,1
55.795721457307124,33644.01383835731,teacher,0
34.771399728467316,,engineer,0
,48521.17801573608,engineer,1
37.18215391139493,50282.744344172716,artist,0
26.55549488965723,60623.21634884836,artist,1
30.813480535158018,53498.24196895253,teacher,0
29.95859233247932,64297.04950869868,doctor,0
32.32202434895871,54306.86247802736,,1
39.65315112613219,,doctor,1
,55422.55287809153,teacher,1
55.50500492814077,32844.10689019007,artist,1
30.01645959261209,51628.39558664785,artist,1
,,doctor,0
37.86011155774491,46878.2471409119,teacher,0
39.50536290347567,48071.93732841604,,0
46.74819492166604,21772.264317535413,artist,1
28.772779784377015,41769.12638388558,teacher,1
43.82409746184051,51392.673517116724,teacher,1
41.66452208213056,52397.84587996101,doctor,1
44.92451264008149,34584.87288611063,engineer,1
42.89168643907818,68985.61761297051,doctor,1
64.55300139910895,,artist,0
33.62260015748684,64541.85800790105,artist,0
34.690030449981826,56407.91542807527,artist,0
33.76859473575236,40306.59035234295,,0
34.44522880839745,76629.66338914268,artist,0
33.62612872693482,32095.447523652798,engineer,1
51.89016531107552,63787.31260415002,teacher,1
54.20504247989855,65008.734770644674,doctor,1
34.29253706250524,39940.69686385033,doctor,1
,70886.97950096492,artist,1
44.71415556386404,46249.302281015705,doctor,1
34.477769557190285,54330.40443919785,artist,0
46.32931817755511,,engineer,1
42.029230208513,47985.368877941786,engineer,1
24.84255885002768,62162.124097396736,teacher,1
55.47505201330061,,engineer,1
57.95877673095522,,,0
33.87211309515614,,teacher,0
36.122984400640156,25062.620179464884,doctor,1
42.85865390724905,65488.19306512486,,0
43.34456789987025,66900.57705241375,artist,0
46.5854427267283,33635.50354677203,doctor,1
,,teacher,1
38.2305277250595,33414.42997271096,doctor,1
32.01702755461546,46776.18454566897,engineer,1
26.20680771985473,45379.48573721388,teacher,1
32.69069960058081,61694.907984040095,teacher,0
39.66873027126203,69654.63119179412,,1
57.94557863517788,70935.25716184934,artist,1
34.823887009638284,41567.47960132547,doctor,1
42.237879516388986,,teacher,0
39.83577103927248,24748.427116685747,teacher,1
51.88393273448084,37911.94900255717,teacher,1
65.26932425873622,64472.77449646186,doctor,1
34.69131227079679,74233.74235322347,artist,0
35.10560557481778,31484.76692180117,engineer,1
50.44160877069072,,,1
46.81891489626312,49603.91364561609,teacher,1
58.46707325736034,54202.4173822941,artist,0
45.839281853259635,37855.94720117531,artist,1
36.40707909212941,,,1
45.90654830692309,,doctor,1
51.087035805829075,49783.215936825814,doctor,0
48.204821811973645,58194.26372005549,artist,1
,,artist,1
50.666746895891535,,doctor,1
51.692955904456724,48355.852941112535,doctor,0
,,engineer,0
46.48709887589643,,teacher,1
,46118.059059993466,artist,0
41.46713686433323,73979.70755757076,doctor,0
,,artist,0
,45567.795229562595,artist,1
,,doctor,1
36.06661187672639,44992.70765365985,engineer,0
40.28744822934817,,artist,0
,,engineer,0
41.910990680199035,,doctor,1
,56715.75388715416,teacher,1
26.401438590200808,26436.85771897251,teacher,0
47.46253566027221,,artist,0
46.45484181141075,,doctor,0
,52144.1464214556,engineer,0
36.92221765046999,75987.72499227637,artist,1
42.19150327663939,,doctor,0
42.49383683710755,59570.76652161136,doctor,1
55.77453279763475,,engineer,0
39.047044676130476,,artist,0
42.790215257703395,41859.89300398967,,0
46.078965097165394,38183.24372137642,doctor,0
41.86609123156358,40687.28602623326,doctor,0
35.535663854494715,47477.84272122815,engineer,1
41.94089992898308,42918.64133454309,artist,0
50.73631749859772,20310.502844363185,artist,0
29.7348470058894,,artist,0
41.32969674146876,33908.854613902906,artist,1
32.99879185060827,53588.702961667244,teacher,1
51.950466289248425,81111.2400462496,teacher,1
24.768130952162252,36209.23112620365,artist,1
34.410781527284115,12045.687158805056,engineer,0
43.772118750645205,45709.936671798336,teacher,0
55.65524029234341,66514.39452497856,doctor,0
39.34249738927012,79375.21181330891,teacher,1
,31556.756083213746,doctor,0
58.8115706944059,57450.48834854783,artist,0
25.51986099583756,43020.3431482992,teacher,1
18.011940433799182,48410.774685437966,engineer,1
44.40014450053332,89665.15020525552,teacher,1
34.97945775647389,27455.4450740727,teacher,0
,53806.094922418604,,0
47.08356447299353,57015.3975764815,artist,1
42.43800713771199,,engineer,0
34.359213692632714,51469.747302063435,teacher,1
27.196956013291057,54620.75809256153,engineer,1
48.724573282801444,,artist,0
46.50201177958661,54036.90411867661,doctor,1
39.00824136220617,,teacher,1
58.466369960476655,59323.57834784076,engineer,1
,44455.84495934549,engineer,0
24.74474829075261,55656.505908532796,artist,1
33.080919301187556,,,1
39.54413983644502,66890.75376158251,doctor,1
,49229.094146172705,engineer,1
37.5876394214367,23404.512976896778,teacher,1
43.520553965142966,,doctor,1
27.48460575809556,,engineer,1
54.437646040732595,40193.504920267704,engineer,0
39.178488216074314,41065.08058934762,doctor,0
51.172958315881274,70616.57139756226,doctor,1
43.42725346377704,17964.886790319568,artist,0
44.567532191537836,97066.22800489991,teacher,0
45.69767280232204,65840.85213599078,teacher,1
44.47708560017315,,artist,0
46.42722759867544,49176.5899907557,engineer,1
53.29152530132431,54283.311122864856,doctor,1
41.9652116970147,57816.836425690075,doctor,1
47.09003757588512,59678.23378925085,,1
39.102643057127736,58334.066990051724,engineer,1
54.40117215449473,,doctor,0
33.2360769794073,47039.923695390105,,1
58.00940432910816,47730.90074519732,artist,0
,47076.375794709784,engineer,1
25.69224897881952,67006.55145300596,teacher,1
41.28104414910789,58903.35083421293,artist,1
33.18948342525119,,artist,0
48.406435489887244,59838.51164794641,teacher,1
33.47376020697609,52921.04292078162,artist,1
35.538165667852205,49719.36865331154,engineer,1
21.104592690544692,44172.22320366671,doctor,1
35.47693680750923,66861.6907997902,engineer,0
15.761206733710434,64212.89693184287,teacher,1
24.16097176514277,,teacher,0
47.604146561442974,56105.78430686802,artist,1
47.85800158650832,35425.14898188071,engineer,0
44.254575617849646,29305.727528166044,engineer,0
30.33023856870787,40599.24163115052,,1
39.5228864385802,62935.902085741385,engineer,1
39.963974609094315,64296.8756806413,teacher,0
28.416353108074574,57696.28130145939,engineer,1
55.0339830176715,60876.43680271995,engineer,1
48.77362290575671,57742.67430672437,engineer,1
37.79035826170336,40377.77607165572,teacher,0
40.26885838994531,56478.83817010911,artist,1
42.08382807947552,62006.14287841524,engineer,1
19.582651315757094,61314.36994720361,teacher,1
37.52822617479403,67833.70057211965,teacher,0
33.180157520022014,60624.55770801596,engineer,1
29.983799901050844,,engineer,0
37.18899707114045,66052.25357474641,artist,1
57.976865268495224,49602.1811112641,teacher,0
46.4084286126701,,teacher,1
34.28821010217203,47553.99554084354,doctor,1
45.72582781356159,38826.46032790326,teacher,0
